{"cameraMode":{"drawMode":0,"name":"Shaded","section":"Shading Mode"},"sceneLighting":false,"audioPlay":false,"sceneViewState":{"m_AlwaysRefresh":false,"showFog":true,"showSkybox":false,"showFlares":true,"showImageEffects":true,"showParticleSystems":true,"showVisualEffectGraphs":true,"m_FxEnabled":true},"in2DMode":false,"pivot":{"x":1.3722976446151734,"y":0.3842051029205322,"z":0.12772607803344727},"rotation":{"x":-0.13934753835201264,"y":-0.010414817370474339,"z":0.0013959058560431004,"w":-0.9902821183204651},"size":1.949509859085083,"orthographic":false}