{"cameraMode":{"drawMode":0,"name":"Shaded","section":"Shading Mode"},"sceneLighting":false,"audioPlay":false,"sceneViewState":{"m_AlwaysRefresh":false,"showFog":true,"showSkybox":false,"showFlares":true,"showImageEffects":true,"showParticleSystems":true,"showVisualEffectGraphs":true,"m_FxEnabled":true},"in2DMode":false,"pivot":{"x":-2.0290000438690187,"y":0.559999942779541,"z":7.590000152587891},"rotation":{"x":-0.43922358751296999,"y":-0.022655798122286798,"z":0.011058526113629341,"w":-0.8982331156730652},"size":0.36705559492111208,"orthographic":false}