{"cameraMode":{"drawMode":0,"name":"Shaded","section":"Shading Mode"},"sceneLighting":true,"audioPlay":false,"sceneViewState":{"m_AlwaysRefresh":false,"showFog":true,"showSkybox":false,"showFlares":true,"showImageEffects":true,"showParticleSystems":true,"showVisualEffectGraphs":true,"m_FxEnabled":true},"in2DMode":false,"pivot":{"x":-0.16913793981075288,"y":-0.40375322103500368,"z":-0.5495915412902832},"rotation":{"x":-0.4572676718235016,"y":-0.055847443640232089,"z":0.02847108244895935,"w":-0.8873763680458069},"size":2.366025447845459,"orthographic":false}