{"cameraMode":{"drawMode":0,"name":"Shaded","section":"Shading Mode"},"sceneLighting":false,"audioPlay":false,"sceneViewState":{"m_AlwaysRefresh":false,"showFog":true,"showSkybox":false,"showFlares":true,"showImageEffects":true,"showParticleSystems":true,"showVisualEffectGraphs":true,"m_FxEnabled":true},"in2DMode":false,"pivot":{"x":-0.7732709646224976,"y":0.3958275318145752,"z":7.435302734375},"rotation":{"x":-0.5637564063072205,"y":0.005123804789036512,"z":-0.0036508303601294758,"w":-0.8261705040931702},"size":0.29858124256134035,"orthographic":false}