{"cameraMode":{"drawMode":0,"name":"Shaded","section":"Shading Mode"},"sceneLighting":false,"audioPlay":false,"sceneViewState":{"m_AlwaysRefresh":false,"showFog":true,"showSkybox":false,"showFlares":true,"showImageEffects":true,"showParticleSystems":true,"showVisualEffectGraphs":true,"m_FxEnabled":true},"in2DMode":false,"pivot":{"x":0.8667380809783936,"y":0.8626383543014526,"z":1.7017916440963746},"rotation":{"x":0.11934992671012879,"y":-0.8560118079185486,"z":0.22951729595661164,"w":0.4481589198112488},"size":1.4173014163970948,"orthographic":false}