{"cameraMode":{"drawMode":0,"name":"Shaded","section":"Shading Mode"},"sceneLighting":false,"audioPlay":false,"sceneViewState":{"m_AlwaysRefresh":false,"showFog":true,"showSkybox":false,"showFlares":true,"showImageEffects":true,"showParticleSystems":true,"showVisualEffectGraphs":true,"m_FxEnabled":true},"in2DMode":false,"pivot":{"x":0.29629838466644289,"y":-1.217376947402954,"z":-0.5010128021240234},"rotation":{"x":0.26353687047958376,"y":0.08429405838251114,"z":-0.022511616349220277,"w":0.9610146880149841},"size":1.8000173568725587,"orthographic":false}