{"cameraMode":{"drawMode":0,"name":"Shaded","section":"Shading Mode"},"sceneLighting":false,"audioPlay":false,"sceneViewState":{"m_AlwaysRefresh":false,"showFog":true,"showSkybox":false,"showFlares":true,"showImageEffects":true,"showParticleSystems":true,"showVisualEffectGraphs":true,"m_FxEnabled":true},"in2DMode":false,"pivot":{"x":0.3191494345664978,"y":0.06052777171134949,"z":0.05045276880264282},"rotation":{"x":0.1809258610010147,"y":0.05205566808581352,"z":-0.008985189720988274,"w":0.9823889136314392},"size":2.1000173091888429,"orthographic":false}