{"cameraMode":{"drawMode":0,"name":"Shaded","section":"Shading Mode"},"sceneLighting":false,"audioPlay":false,"sceneViewState":{"m_AlwaysRefresh":false,"showFog":true,"showSkybox":false,"showFlares":true,"showImageEffects":true,"showParticleSystems":true,"showVisualEffectGraphs":true,"m_FxEnabled":false},"in2DMode":false,"pivot":{"x":0.8179406523704529,"y":-0.044652700424194339,"z":0.9230225086212158},"rotation":{"x":0.6018432974815369,"y":0.0077750785276293758,"z":-0.005194942466914654,"w":0.7989554405212402},"size":3.1495096683502199,"orthographic":false}