{"cameraMode":{"drawMode":0,"name":"Shaded","section":"Shading Mode"},"sceneLighting":false,"audioPlay":false,"sceneViewState":{"m_AlwaysRefresh":false,"showFog":true,"showSkybox":false,"showFlares":true,"showImageEffects":true,"showParticleSystems":true,"showVisualEffectGraphs":true,"m_FxEnabled":true},"in2DMode":false,"pivot":{"x":-0.09197044372558594,"y":-0.14526689052581788,"z":-0.0838921070098877},"rotation":{"x":0.34911978244781496,"y":0.2664790451526642,"z":-0.10349391400814057,"w":0.8927175402641296},"size":0.9264068603515625,"orthographic":false}