{"cameraMode":{"drawMode":0,"name":"Shaded","section":"Shading Mode"},"sceneLighting":false,"audioPlay":false,"sceneViewState":{"m_AlwaysRefresh":false,"showFog":true,"showSkybox":false,"showFlares":true,"showImageEffects":true,"showParticleSystems":true,"showVisualEffectGraphs":true,"m_FxEnabled":true},"in2DMode":false,"pivot":{"x":2.649745225906372,"y":0.7618622779846191,"z":5.3164873123168949},"rotation":{"x":-0.6321675777435303,"y":0.005766640417277813,"z":-0.004785486496984959,"w":-0.7749121785163879},"size":2.11319899559021,"orthographic":false}