{"cameraMode":{"drawMode":0,"name":"Shaded","section":"Shading Mode"},"sceneLighting":true,"audioPlay":false,"sceneViewState":{"m_AlwaysRefresh":false,"showFog":true,"showSkybox":true,"showFlares":true,"showImageEffects":true,"showParticleSystems":true,"showVisualEffectGraphs":true,"m_FxEnabled":false},"in2DMode":false,"pivot":{"x":-0.9273503422737122,"y":0.17632132768630982,"z":6.576168060302734},"rotation":{"x":0.5122418403625488,"y":0.003176397643983364,"z":-0.0011900818208232523,"w":0.8592208027839661},"size":1.1658484935760499,"orthographic":false}