{"cameraMode":{"drawMode":0,"name":"Shaded","section":"Shading Mode"},"sceneLighting":true,"audioPlay":false,"sceneViewState":{"m_AlwaysRefresh":false,"showFog":true,"showSkybox":true,"showFlares":true,"showImageEffects":true,"showParticleSystems":true,"showVisualEffectGraphs":true,"m_FxEnabled":true},"in2DMode":false,"pivot":{"x":360.775634765625,"y":259.7353515625,"z":0.0229644775390625},"rotation":{"x":-0.0009000513236969709,"y":0.004831313621252775,"z":0.0005796094774268568,"w":1.0002928972244263},"size":278.6051940917969,"orthographic":false}