{"cameraMode":{"drawMode":0,"name":"Shaded","section":"Shading Mode"},"sceneLighting":true,"audioPlay":false,"sceneViewState":{"m_AlwaysRefresh":false,"showFog":true,"showSkybox":true,"showFlares":true,"showImageEffects":true,"showParticleSystems":true,"showVisualEffectGraphs":true,"m_FxEnabled":false},"in2DMode":false,"pivot":{"x":0.5678324699401856,"y":2.2856037616729738,"z":8.443944931030274},"rotation":{"x":0.5690047740936279,"y":0.00796677079051733,"z":-0.0048991162329912189,"w":0.8226755261421204},"size":8.42812442779541,"orthographic":false}