{"cameraMode":{"drawMode":0,"name":"Shaded","section":"Shading Mode"},"sceneLighting":true,"audioPlay":false,"sceneViewState":{"m_AlwaysRefresh":false,"showFog":true,"showSkybox":true,"showFlares":true,"showImageEffects":true,"showParticleSystems":true,"showVisualEffectGraphs":true,"m_FxEnabled":true},"in2DMode":false,"pivot":{"x":-2.4761064052581789,"y":-1.1156971454620362,"z":8.959057807922364},"rotation":{"x":-0.47143658995628359,"y":0.0014526386512443424,"z":-0.0010769215878099204,"w":-0.8821585178375244},"size":2.587611436843872,"orthographic":false}