{"cameraMode":{"drawMode":0,"name":"Shaded","section":"Shading Mode"},"sceneLighting":true,"audioPlay":false,"sceneViewState":{"m_AlwaysRefresh":false,"showFog":true,"showSkybox":true,"showFlares":true,"showImageEffects":true,"showParticleSystems":true,"showVisualEffectGraphs":true,"m_FxEnabled":true},"in2DMode":false,"pivot":{"x":1288.853759765625,"y":1167.524658203125,"z":273.2925109863281},"rotation":{"x":-0.003299372736364603,"y":-0.002712039975449443,"z":-0.0001944711693795398,"w":-1.0002080202102662},"size":710.0811767578125,"orthographic":false}