{"cameraMode":{"drawMode":0,"name":"Shaded","section":"Shading Mode"},"sceneLighting":true,"audioPlay":false,"sceneViewState":{"m_AlwaysRefresh":false,"showFog":true,"showSkybox":true,"showFlares":true,"showImageEffects":true,"showParticleSystems":true,"showVisualEffectGraphs":true,"m_FxEnabled":true},"in2DMode":false,"pivot":{"x":1250.91552734375,"y":243.04307556152345,"z":267.36309814453127},"rotation":{"x":-0.003299372736364603,"y":-0.002712039975449443,"z":-0.0001944711693795398,"w":-1.0002080202102662},"size":879.2685546875,"orthographic":false}