{"cameraMode":{"drawMode":0,"name":"Shaded","section":"Shading Mode"},"sceneLighting":true,"audioPlay":false,"sceneViewState":{"m_AlwaysRefresh":false,"showFog":true,"showSkybox":true,"showFlares":true,"showImageEffects":true,"showParticleSystems":true,"showVisualEffectGraphs":true,"m_FxEnabled":true},"in2DMode":false,"pivot":{"x":-5.776325702667236,"y":5.271892547607422,"z":5.230552673339844},"rotation":{"x":-0.5157900452613831,"y":0.0001471895957365632,"z":-0.00031615636544302106,"w":-0.8569697737693787},"size":-1.0797135829925538,"orthographic":false}