{"cameraMode":{"drawMode":0,"name":"Shaded","section":"Shading Mode"},"sceneLighting":true,"audioPlay":false,"sceneViewState":{"m_AlwaysRefresh":false,"showFog":true,"showSkybox":true,"showFlares":true,"showImageEffects":true,"showParticleSystems":true,"showVisualEffectGraphs":true,"m_FxEnabled":true},"in2DMode":false,"pivot":{"x":0.40902402997016909,"y":2.9646999835968019,"z":4.899677276611328},"rotation":{"x":0.4795583486557007,"y":-0.013796769082546234,"z":0.00848507322371006,"w":0.8776480555534363},"size":0.30001741647720339,"orthographic":false}