{"cameraMode":{"drawMode":0,"name":"Shaded","section":"Shading Mode"},"sceneLighting":false,"audioPlay":false,"sceneViewState":{"m_AlwaysRefresh":false,"showFog":true,"showSkybox":false,"showFlares":true,"showImageEffects":true,"showParticleSystems":true,"showVisualEffectGraphs":true,"m_FxEnabled":true},"in2DMode":false,"pivot":{"x":1.3244576454162598,"y":-0.12041592597961426,"z":-0.08876141905784607},"rotation":{"x":0.5352193713188171,"y":0.0044148145243525509,"z":-0.002058414276689291,"w":0.8450248837471008},"size":2.228726387023926,"orthographic":false}