{"cameraMode":{"drawMode":0,"name":"Shaded","section":"Shading Mode"},"sceneLighting":false,"audioPlay":false,"sceneViewState":{"m_AlwaysRefresh":false,"showFog":true,"showSkybox":false,"showFlares":true,"showImageEffects":true,"showParticleSystems":true,"showVisualEffectGraphs":true,"m_FxEnabled":false},"in2DMode":false,"pivot":{"x":-2.5867817401885988,"y":-0.23547029495239259,"z":5.131524085998535},"rotation":{"x":0.5861498117446899,"y":-0.0067214202135801319,"z":0.005494891200214624,"w":0.8105551600456238},"size":1.0099505186080933,"orthographic":false}