{"cameraMode":{"drawMode":0,"name":"Shaded","section":"Shading Mode"},"sceneLighting":false,"audioPlay":false,"sceneViewState":{"m_AlwaysRefresh":false,"showFog":true,"showSkybox":false,"showFlares":true,"showImageEffects":true,"showParticleSystems":true,"showVisualEffectGraphs":true,"m_FxEnabled":true},"in2DMode":false,"pivot":{"x":-0.49535536766052248,"y":-0.47007524967193606,"z":-1.511516809463501},"rotation":{"x":0.30220189690589907,"y":0.2809459865093231,"z":-0.09293904900550842,"w":0.9064527153968811},"size":5.474390983581543,"orthographic":false}