{"cameraMode":{"drawMode":0,"name":"Shaded","section":"Shading Mode"},"sceneLighting":false,"audioPlay":false,"sceneViewState":{"m_AlwaysRefresh":false,"showFog":true,"showSkybox":false,"showFlares":true,"showImageEffects":true,"showParticleSystems":true,"showVisualEffectGraphs":true,"m_FxEnabled":true},"in2DMode":false,"pivot":{"x":1.2172621488571168,"y":0.03223717212677002,"z":0.14194223284721375},"rotation":{"x":0.3301721513271332,"y":0.03455148637294769,"z":-0.011250834912061692,"w":0.9434917569160461},"size":2.36602520942688,"orthographic":false}