{"cameraMode":{"drawMode":0,"name":"Shaded","section":"Shading Mode"},"sceneLighting":false,"audioPlay":false,"sceneViewState":{"m_AlwaysRefresh":false,"showFog":true,"showSkybox":false,"showFlares":true,"showImageEffects":true,"showParticleSystems":true,"showVisualEffectGraphs":true,"m_FxEnabled":true},"in2DMode":false,"pivot":{"x":-0.3151105046272278,"y":0.3935813903808594,"z":0.6262812614440918},"rotation":{"x":0.45664331316947939,"y":0.04191422834992409,"z":-0.02088979445397854,"w":0.8887612223625183},"size":2.36602520942688,"orthographic":false}