{"cameraMode":{"drawMode":0,"name":"Shaded","section":"Shading Mode"},"sceneLighting":false,"audioPlay":false,"sceneViewState":{"m_AlwaysRefresh":false,"showFog":true,"showSkybox":false,"showFlares":true,"showImageEffects":true,"showParticleSystems":true,"showVisualEffectGraphs":true,"m_FxEnabled":true},"in2DMode":false,"pivot":{"x":1023.4212646484375,"y":603.9158935546875,"z":-159.92764282226563},"rotation":{"x":-0.02010125294327736,"y":0.0012012181105092168,"z":0.000021337426005629823,"w":0.9998405575752258},"size":172.99290466308595,"orthographic":false}