{"cameraMode":{"drawMode":0,"name":"Shaded","section":"Shading Mode"},"sceneLighting":false,"audioPlay":false,"sceneViewState":{"m_AlwaysRefresh":false,"showFog":true,"showSkybox":false,"showFlares":true,"showImageEffects":true,"showParticleSystems":true,"showVisualEffectGraphs":true,"m_FxEnabled":true},"in2DMode":false,"pivot":{"x":981.6962280273438,"y":494.39892578125,"z":-155.4215087890625},"rotation":{"x":-0.02010125294327736,"y":0.0012012181105092168,"z":0.000021337426005629823,"w":0.9998405575752258},"size":90.79782104492188,"orthographic":false}