{"cameraMode":{"drawMode":0,"name":"Shaded","section":"Shading Mode"},"sceneLighting":false,"audioPlay":false,"sceneViewState":{"m_AlwaysRefresh":false,"showFog":true,"showSkybox":false,"showFlares":true,"showImageEffects":true,"showParticleSystems":true,"showVisualEffectGraphs":true,"m_FxEnabled":true},"in2DMode":false,"pivot":{"x":-0.15067645907402039,"y":-0.20211219787597657,"z":-0.0816173404455185},"rotation":{"x":-0.5650070905685425,"y":0.0025978784542530777,"z":-0.002028958173468709,"w":-0.8253414630889893},"size":0.30277568101882937,"orthographic":false}