{"cameraMode":{"drawMode":0,"name":"Shaded","section":"Shading Mode"},"sceneLighting":false,"audioPlay":false,"sceneViewState":{"m_AlwaysRefresh":false,"showFog":true,"showSkybox":false,"showFlares":true,"showImageEffects":true,"showParticleSystems":true,"showVisualEffectGraphs":true,"m_FxEnabled":true},"in2DMode":false,"pivot":{"x":0.1910061538219452,"y":3.2093725204467775,"z":5.120168209075928},"rotation":{"x":0.512200117111206,"y":-0.0018706622067838908,"z":0.0020823702216148378,"w":0.8591551780700684},"size":1.802775502204895,"orthographic":false}