{"cameraMode":{"drawMode":0,"name":"Shaded","section":"Shading Mode"},"sceneLighting":false,"audioPlay":false,"sceneViewState":{"m_AlwaysRefresh":false,"showFog":true,"showSkybox":false,"showFlares":true,"showImageEffects":true,"showParticleSystems":true,"showVisualEffectGraphs":true,"m_FxEnabled":false},"in2DMode":false,"pivot":{"x":-2.3990111351013185,"y":-0.46436601877212527,"z":6.572736740112305},"rotation":{"x":0.5861498117446899,"y":-0.0067214202135801319,"z":0.005494891200214624,"w":0.8105551600456238},"size":1.0099503993988038,"orthographic":false}