{"cameraMode":{"drawMode":0,"name":"Shaded","section":"Shading Mode"},"sceneLighting":false,"audioPlay":false,"sceneViewState":{"m_AlwaysRefresh":false,"showFog":true,"showSkybox":false,"showFlares":true,"showImageEffects":true,"showParticleSystems":true,"showVisualEffectGraphs":true,"m_FxEnabled":true},"in2DMode":false,"pivot":{"x":-3.570000171661377,"y":-0.07499987632036209,"z":-6.0199995040893559},"rotation":{"x":-0.29436933994293215,"y":-0.009464072994887829,"z":0.0029153877403587105,"w":-0.9556445479393005},"size":0.8660253882408142,"orthographic":false}