{"cameraMode":{"drawMode":0,"name":"Shaded","section":"Shading Mode"},"sceneLighting":false,"audioPlay":false,"sceneViewState":{"m_AlwaysRefresh":false,"showFog":true,"showSkybox":false,"showFlares":true,"showImageEffects":true,"showParticleSystems":true,"showVisualEffectGraphs":true,"m_FxEnabled":true},"in2DMode":false,"pivot":{"x":0.04137897491455078,"y":-0.09750592708587647,"z":-0.34777939319610598},"rotation":{"x":-0.20695804059505464,"y":-0.5785903930664063,"z":0.1546878218650818,"w":-0.773841142654419},"size":2.0660252571105959,"orthographic":false}