{"cameraMode":{"drawMode":0,"name":"Shaded","section":"Shading Mode"},"sceneLighting":false,"audioPlay":false,"sceneViewState":{"m_AlwaysRefresh":false,"showFog":true,"showSkybox":false,"showFlares":true,"showImageEffects":true,"showParticleSystems":true,"showVisualEffectGraphs":true,"m_FxEnabled":false},"in2DMode":false,"pivot":{"x":-3.3007659912109377,"y":2.229212760925293,"z":0.06871914863586426},"rotation":{"x":0.4860028326511383,"y":-0.02566646784543991,"z":0.014902212657034397,"w":0.8738110661506653},"size":1.0099505186080933,"orthographic":false}