{"cameraMode":{"drawMode":0,"name":"Shaded","section":"Shading Mode"},"sceneLighting":false,"audioPlay":false,"sceneViewState":{"m_AlwaysRefresh":false,"showFog":true,"showSkybox":false,"showFlares":true,"showImageEffects":true,"showParticleSystems":true,"showVisualEffectGraphs":true,"m_FxEnabled":true},"in2DMode":false,"pivot":{"x":974.1830444335938,"y":1081.3135986328125,"z":78.494873046875},"rotation":{"x":-0.09616028517484665,"y":0.005969633813947439,"z":-0.0005551878130063415,"w":-0.9954927563667297},"size":697.8335571289063,"orthographic":false}