{"cameraMode":{"drawMode":0,"name":"Shaded","section":"Shading Mode"},"sceneLighting":false,"audioPlay":false,"sceneViewState":{"m_AlwaysRefresh":false,"showFog":true,"showSkybox":false,"showFlares":true,"showImageEffects":true,"showParticleSystems":true,"showVisualEffectGraphs":true,"m_FxEnabled":true},"in2DMode":false,"pivot":{"x":0.4704042673110962,"y":-0.41257691383361819,"z":-1.686671257019043},"rotation":{"x":0.2747449576854706,"y":0.09551816433668137,"z":-0.026759112253785135,"w":0.9566726088523865},"size":3.426586151123047,"orthographic":false}