{"cameraMode":{"drawMode":0,"name":"Shaded","section":"Shading Mode"},"sceneLighting":false,"audioPlay":false,"sceneViewState":{"m_AlwaysRefresh":false,"showFog":true,"showSkybox":false,"showFlares":true,"showImageEffects":true,"showParticleSystems":true,"showVisualEffectGraphs":true,"m_FxEnabled":true},"in2DMode":false,"pivot":{"x":-0.15985527634620667,"y":-0.8795007467269898,"z":-0.26613283157348635},"rotation":{"x":0.4465213716030121,"y":0.06756609678268433,"z":-0.033207133412361148,"w":0.891946017742157},"size":1.759056568145752,"orthographic":false}