{"cameraMode":{"drawMode":0,"name":"Shaded","section":"Shading Mode"},"sceneLighting":false,"audioPlay":false,"sceneViewState":{"m_AlwaysRefresh":false,"showFog":true,"showSkybox":false,"showFlares":true,"showImageEffects":true,"showParticleSystems":true,"showVisualEffectGraphs":true,"m_FxEnabled":true},"in2DMode":false,"pivot":{"x":-0.034964144229888919,"y":-0.7204374074935913,"z":-0.08775115013122559},"rotation":{"x":0.4133921265602112,"y":0.08775864541530609,"z":-0.0394398495554924,"w":0.9057964086532593},"size":1.759056568145752,"orthographic":false}