{"cameraMode":{"drawMode":0,"name":"Shaded","section":"Shading Mode"},"sceneLighting":false,"audioPlay":false,"sceneViewState":{"m_AlwaysRefresh":false,"showFog":true,"showSkybox":false,"showFlares":true,"showImageEffects":true,"showParticleSystems":true,"showVisualEffectGraphs":true,"m_FxEnabled":true},"in2DMode":false,"pivot":{"x":0.4615750312805176,"y":0.005445241928100586,"z":0.2182336151599884},"rotation":{"x":-0.6895586848258972,"y":0.0021177830640226604,"z":-0.0021166696678847076,"w":-0.7243503928184509},"size":2.692582368850708,"orthographic":false}