{"cameraMode":{"drawMode":0,"name":"Shaded","section":"Shading Mode"},"sceneLighting":false,"audioPlay":false,"sceneViewState":{"m_AlwaysRefresh":false,"showFog":true,"showSkybox":false,"showFlares":true,"showImageEffects":true,"showParticleSystems":true,"showVisualEffectGraphs":true,"m_FxEnabled":true},"in2DMode":false,"pivot":{"x":-0.034176379442214969,"y":0.39855194091796877,"z":-0.36085546016693118},"rotation":{"x":0.5689536929130554,"y":-0.007920142263174057,"z":0.006436445284634829,"w":0.8226189613342285},"size":1.524744987487793,"orthographic":false}