{"cameraMode":{"drawMode":0,"name":"Shaded","section":"Shading Mode"},"sceneLighting":false,"audioPlay":false,"sceneViewState":{"m_AlwaysRefresh":false,"showFog":true,"showSkybox":false,"showFlares":true,"showImageEffects":true,"showParticleSystems":true,"showVisualEffectGraphs":true,"m_FxEnabled":true},"in2DMode":false,"pivot":{"x":0.007490992546081543,"y":0.005283474922180176,"z":-0.4642989933490753},"rotation":{"x":-0.4780409038066864,"y":0.00012297100329305977,"z":-0.0003764331922866404,"w":-0.8785995244979858},"size":1.6955455541610718,"orthographic":false}