{"cameraMode":{"drawMode":0,"name":"Shaded","section":"Shading Mode"},"sceneLighting":false,"audioPlay":false,"sceneViewState":{"m_AlwaysRefresh":false,"showFog":true,"showSkybox":false,"showFlares":true,"showImageEffects":true,"showParticleSystems":true,"showVisualEffectGraphs":true,"m_FxEnabled":true},"in2DMode":false,"pivot":{"x":1.2426509857177735,"y":0.23238027095794679,"z":0.3456057906150818},"rotation":{"x":-0.6368708610534668,"y":-0.00799341220408678,"z":0.0063592903316020969,"w":-0.7711800932884216},"size":1.949509859085083,"orthographic":false}