{"cameraMode":{"drawMode":0,"name":"Shaded","section":"Shading Mode"},"sceneLighting":false,"audioPlay":false,"sceneViewState":{"m_AlwaysRefresh":false,"showFog":true,"showSkybox":false,"showFlares":true,"showImageEffects":true,"showParticleSystems":true,"showVisualEffectGraphs":true,"m_FxEnabled":true},"in2DMode":false,"pivot":{"x":-0.042187392711639407,"y":-0.26822084188461306,"z":-0.3269108235836029},"rotation":{"x":0.47038888931274416,"y":-0.0006441783043555915,"z":0.0012849345803260804,"w":0.8827438354492188},"size":1.5892691612243653,"orthographic":false}