{"cameraMode":{"drawMode":0,"name":"Shaded","section":"Shading Mode"},"sceneLighting":false,"audioPlay":false,"sceneViewState":{"m_AlwaysRefresh":false,"showFog":true,"showSkybox":false,"showFlares":true,"showImageEffects":true,"showParticleSystems":true,"showVisualEffectGraphs":true,"m_FxEnabled":true},"in2DMode":false,"pivot":{"x":-0.45894452929496767,"y":4.0548505783081059,"z":5.931571006774902},"rotation":{"x":0.5665227174758911,"y":-0.0018386623123660684,"z":0.0020410153083503248,"w":0.824370265007019},"size":1.202775478363037,"orthographic":false}