{"cameraMode":{"drawMode":0,"name":"Shaded","section":"Shading Mode"},"sceneLighting":false,"audioPlay":false,"sceneViewState":{"m_AlwaysRefresh":false,"showFog":true,"showSkybox":false,"showFlares":true,"showImageEffects":true,"showParticleSystems":true,"showVisualEffectGraphs":true,"m_FxEnabled":true},"in2DMode":false,"pivot":{"x":0.050603121519088748,"y":-0.4117772579193115,"z":-0.4497452974319458},"rotation":{"x":0.43097037076950076,"y":0.11244253069162369,"z":-0.05355825275182724,"w":0.8940721750259399},"size":1.5986831188201905,"orthographic":false}