{"cameraMode":{"drawMode":0,"name":"Shaded","section":"Shading Mode"},"sceneLighting":false,"audioPlay":false,"sceneViewState":{"m_AlwaysRefresh":false,"showFog":true,"showSkybox":false,"showFlares":true,"showImageEffects":true,"showParticleSystems":true,"showVisualEffectGraphs":true,"m_FxEnabled":true},"in2DMode":false,"pivot":{"x":959.6198120117188,"y":540.0800170898438,"z":0.04999999701976776},"rotation":{"x":0.35710403323173525,"y":0.11929620057344437,"z":-0.04503653198480606,"w":0.9255911707878113},"size":0.7905694246292114,"orthographic":false}