{"cameraMode":{"drawMode":0,"name":"Shaded","section":"Shading Mode"},"sceneLighting":false,"audioPlay":false,"sceneViewState":{"m_AlwaysRefresh":false,"showFog":true,"showSkybox":false,"showFlares":true,"showImageEffects":true,"showParticleSystems":true,"showVisualEffectGraphs":true,"m_FxEnabled":true},"in2DMode":false,"pivot":{"x":1.633111596107483,"y":-0.14029550552368165,"z":-0.19924962520599366},"rotation":{"x":0.623190701007843,"y":-0.0016883353237062693,"z":0.0021683259401470424,"w":0.782422661781311},"size":2.692582368850708,"orthographic":false}