{"cameraMode":{"drawMode":0,"name":"Shaded","section":"Shading Mode"},"sceneLighting":false,"audioPlay":false,"sceneViewState":{"m_AlwaysRefresh":false,"showFog":true,"showSkybox":false,"showFlares":true,"showImageEffects":true,"showParticleSystems":true,"showVisualEffectGraphs":true,"m_FxEnabled":true},"in2DMode":false,"pivot":{"x":1.180527687072754,"y":0.29998779296875,"z":2.726757764816284},"rotation":{"x":0.01711300201714039,"y":0.036336347460746768,"z":0.00000934477702685399,"w":0.9994699954986572},"size":4.364971160888672,"orthographic":false}