{"cameraMode":{"drawMode":0,"name":"Shaded","section":"Shading Mode"},"sceneLighting":false,"audioPlay":false,"sceneViewState":{"m_AlwaysRefresh":false,"showFog":true,"showSkybox":false,"showFlares":true,"showImageEffects":true,"showParticleSystems":true,"showVisualEffectGraphs":true,"m_FxEnabled":true},"in2DMode":false,"pivot":{"x":0.13431215286254884,"y":-0.23410719633102418,"z":-0.21421781182289124},"rotation":{"x":-0.4487634301185608,"y":-0.004034935962408781,"z":0.002012166427448392,"w":-0.89383864402771},"size":2.1000173091888429,"orthographic":false}