{"cameraMode":{"drawMode":0,"name":"Shaded","section":"Shading Mode"},"sceneLighting":false,"audioPlay":false,"sceneViewState":{"m_AlwaysRefresh":false,"showFog":true,"showSkybox":false,"showFlares":true,"showImageEffects":true,"showParticleSystems":true,"showVisualEffectGraphs":true,"m_FxEnabled":true},"in2DMode":false,"pivot":{"x":0.4119773209095001,"y":-0.5001175999641419,"z":-0.219629168510437},"rotation":{"x":0.3301721513271332,"y":0.03455148637294769,"z":-0.011250834912061692,"w":0.9434917569160461},"size":1.4660253524780274,"orthographic":false}