{"cameraMode":{"drawMode":0,"name":"Shaded","section":"Shading Mode"},"sceneLighting":false,"audioPlay":false,"sceneViewState":{"m_AlwaysRefresh":false,"showFog":true,"showSkybox":false,"showFlares":true,"showImageEffects":true,"showParticleSystems":true,"showVisualEffectGraphs":true,"m_FxEnabled":true},"in2DMode":false,"pivot":{"x":959.6197509765625,"y":540.0800170898438,"z":0.04999999701976776},"rotation":{"x":0.45682889223098757,"y":0.0022750706411898138,"z":-0.00022493441065307707,"w":0.8898327946662903},"size":0.9500057101249695,"orthographic":false}